n_qubits,avg_runtime,fidelity_mean,fidelity_std
1,1.2290477752685546e-05,0.3984972517303158,0.2565046231813561
2,7.104873657226563e-06,0.2492045413219107,0.1544526350349468
3,7.0214271545410155e-06,0.1581143910399671,0.09758560408592198
4,6.973743438720703e-06,0.07133512553729213,0.06330159189615185
5,2.168416976928711e-05,0.022100095713443162,0.02144200795779559
